,Unnamed: 0.2,Unnamed: 0.1,Unnamed: 0,id,text,label,label_text
0,15,34,278,es_0698004,"No me ha llegado el producto , he recibido paquete con varios productos y me falta este . Y no se como reclamarlo. Si alguien me ayuda",0,0
1,19,30,168,es_0577922,El producto se ve bueno pero viene dañado por la mensajería que habrán puesto algo en cima que pesa y se ha quedado la marca abollado todos los filtros se manda foto de todos como están con la marca atentamente Miguel.....,0,0
2,27,53,16,es_0486958,"Para empezar son muy grandes los discos para ser de 2,5 kilos.. luego son discos de arena q se abren con la mirada. Vinieron dos discos rajados , me.imagino por el peso y por algún golpe.. si no tenéis premium no merece la pena ni enviarlo de devolución ya te cobran más de lo q te van a devolver casi... Decepcionante producto..",0,0
3,26,13,126,es_0209509,Solo la he utilizado 1 una vez y se descosió la parte trasera que va al cinturón. De usar y tirar.,0,0
4,8,64,77,es_0857510,"Súper pequeñas las correas, para una muñeca muy pequeña, y el cierre es malo , fácil de perder el reloj",0,0
5,24,31,301,es_0395307,"No me ha llegado todavía va tardisimo después de esperar una barbaridad, no merece la pena esperar tanto para lo que es",0,0
6,21,19,275,es_0454942,"La peor cámara que he tenido en mis manos. Dos veces la he tenido que reemplazar al primer día de uso. Al final con la mitad de accesorios comprados la he tenido que devolver y no comprarla más. La cámara se queda congelada. Se cargaba la batería cuando ella quería y se descargaba sola sin usarla. Problemas de actualización, vamos si quieres tirar el dinero cómprate está cámara. Una gran decepción. Esperaba que está cámara funcionara bien pero ha sido una pesadilla. Amazon me dijo que la iba a quitar de la venta por que había muchísimas devoluciones de esta cámara",0,0
7,12,28,163,es_0735511,El mismo día de ponerlo se despega la parte de arriba,0,0
8,32,47,45,es_0982034,"Lamentable servicio ofrecido por esta empresa. De primeras nos ofrecen un plazo de entrega de mes y medio (que al final ha estado mas cerca de dos) y cuando se ha cumplido, sin comunicacion previa, nos avisan que nos devuelven el importe del pedido por rotura del paquete ??????!!!!. Una completa decepcion.",0,0
9,9,12,319,es_0299845,"Este es mi segundo par, el primero me empezó a fallar el audio, al parecer lo que falla es la conexión de la parte de los auriculares, probablemente culpa de la parte de goma. Pensé que fue mala suerte, pero tras comprarlos de nuevo, me volvió a ocurrir exactamente lo mismo, esta vez sorprendentemente rápido, no ha llegado a 2 meses. Y lo peor es que literalmente no los transporto nunca ni nada que pueda dar pie a dañarlos.... siempre estan conectados al monitor de mi PC y de ahi no se mueven. Comprar esto es tirar el dinero, la calidad de audio es genial pero de que sirve si se estropean enseguida.... estoy bastante molesto con este producto.",0,0
10,0,36,182,es_0256839,Nunca llegó el pedido ..... aún sigo esperándolo,0,0
11,4,45,72,es_0294721,Viene con la ficha de seguridad y no sé quitarla.,0,0
12,16,48,101,es_0301551,"Pues lo compre, y yo que soy de los que lleva el móvil por los bolsillos en una semana ya se había roto la pieza de arriba, en 3 la de abajo. y bueno, pues al final me decepcionó porque pesé a que era barato cómo no me ha durado nada..... no repetiré.",0,0
13,17,7,180,es_0698675,"Lo devolví a primeros de enero,pero todavía no me han abonado el dinero,espero que pronto se pueda arreglar el tema",0,0
14,5,40,33,es_0213888,Compré este pack con la intención de no tener que estra comprando cada dos por tres. He sustituido unos 8-10 cartuchos. De ellos 5 no los reconoce la impresora y de hecho los de color negro más anchos he tenido que tirar tres completamente cargados. También me ha pasado con los de colores. O he tenido mala suerte o son de mala calidad.,0,0
15,13,0,25,es_0083892,La calidad no corresponde con el precio y además la bombilla viene rota,0,0
16,11,59,179,es_0463265,"No puedo decir nada, pues tuve que hacer la devolución ya que me enviaron Call of Duty advance Warfare y en ingles, asi que me quede sin este juego.",0,0
17,44,94,610,es_0744281,"He pedido sommier y colcho y han llegado con 2 envios distintos, el sommier ha tardado mucho en llegar, total que me habia llegado el colchon y no tenia sommier.",1,1
18,41,99,488,es_0899145,Me gusta el precio pero no la durabilidad,1,1
19,34,70,548,es_0228410,"Aunque es la evolución de la primera minicuna que representa que tiene cosas mejoradas, antes habría comprado otra. Tiene ruedas en los cuatro extremos pero no giran, por lo tanto solo va hacia delante o hacia detrás y no puede girar, cosa completamente inútil si hay que moverla de una sala a la otra. Al final tengo la cuna estática y pienso que podría haber comprado otra más barata. Además las patas son tan largas que no pasan por las puertas de casa que son puertas normales, tuvimos que cortar un poco los cuatro extremos. Imagino que haciéndolas un poco más estrechas la cuna sería igual de confortable y estable. La opción de balanceo no la he hecho servir nunca. A parte de esto la cuna es ancha y comfortable.",1,1
20,57,105,665,es_0615436,El llavero es muy voluminosos y el pelaje se le desprende. No apto para que lo manipulen niños pequeños porque se podrían tragar esos pelos que suelta.,1,1
21,39,125,388,es_0747374,Tallan pequeños. Les falta más elastan para que sean más fáciles de poner.,1,1
22,55,130,613,es_0707017,"Es una silla que está muy bien,comoda y bonita pero no aconsejo su compra por un defecto que tiene del diseño del fabricante que la palanca que tiene para regular el respaldo roza con la tapicería y eso causa que se rompa por la zona de la palanca adjunto imágenes para que lo vean por ese motivo es mis solo 2 estrellas,en resumen bonita de calidad pero mal diseñada por el fabricante por el fallo que e descrito.",1,1
23,50,93,423,es_0566166,"Pues eso,,, muy bonitas en la foto pero luego nada que ver... el color lo unico.. el diseño real es bastante feo...y luego son enormes...",1,1
24,46,86,354,es_0174841,"Es un zapato muy cómodo, pero no son de buena calidad.",1,1
25,59,71,400,es_0312584,Me decepcionó esperaba otra cosa.,1,1
26,62,69,527,es_0347303,hace poca luz e tenido de otras casas i dan muy buen resultado este mas caro i poca calidad no es recomendable,1,1
27,66,77,404,es_0418497,"El producto corresponde con lo anunciado, pero siempre está encendido. No sirve para nada el botón, o no le encuentro utilidad. Se gastan más rápido las pilas.",1,1
28,43,79,411,es_0238214,"Compré esta correa, por ver un poco la diferencia con otra que había comprado. La diferencia es grande. La otra es robusta y se pasea perfectamente con ella, con esta que se estira muchísimo, y que es menos robusta, no es posible tener ningún tipo de control sobre los perros. Con la otra se pueden mover y pasear sin ir al lado mío, pero con esta el perro se te va de varas",1,1
29,35,115,634,es_0992273,"Son baratos y se nota en la calidad. Tienen un olor bastante químico para lo que estoy acostumbrado. He probado un par de sabores y no están mal, pero todos ellos dejan un efecto de frío como la menta, aunque cada uno con su sabor. Los uso cuando me quedo sin una opción mejor.",1,1
30,47,108,480,es_0997036,"Amazon, maquinaria sorda, envia tus productos a tiempo que a tiempo cobras. Existen otros proveedores mas cuidadosos con los clientes.",1,1
31,60,127,381,es_0040383,"Son muy monas, pero al poco la mitad ya no van.",1,1
32,58,133,567,es_0757725,"Compra realizada a principios de Junio, lógicamente para reponer los anteriores. No han tenido mucha utilización durante este período. Mal funcionamiento recientemente. Nulo color y mala impresión en b/n, Da la sensación de que la tinta se ha secado. He hecho prueba de alineación y mi impresora HP DeskJet 3050 anuncia en pantalla: ""Cartucho falso o de mala calidad"". El hecho de haberlo utilizado muy esporádicamente , creo no debería afectar al buen funcionamiento. Me abstendré de futuras compras.",1,1
33,37,118,364,es_0482917,"He pedido tres fundas de esta marca pero, cuando he puesto una de ellas, si bien el terminal queda precioso porque no engorda, no me la he querido jugar y la he quitado porque la protección ante una caída es NULA. Son de plástico del más barato que pueda existir. He vuelto a la de silicona ESR que ofrece mucha más protección",1,1
34,70,180,752,es_0799227,"Tal y como se anuncia, está pendiente de utilizarse. Se va a utilizar como regalo, de Navidad para una pequeña.",2,2
35,68,154,908,es_0686895,Me ha gustado el color y el pespunte lateral Y lo que no es los borde metálicos del cierre del interior de la correa que tocan la piel tienen ángulos no redondeados que terminan molestando.,2,2
36,94,189,815,es_0062372,Pensé que era más grande,2,2
37,90,199,702,es_0352622,Sí que es verdad que en el paquete no pone free gluten. Lo compre por un tema de estreñimiento no sé si es pronto para comentar pero en mi caso creo que no me está ayudando. Supongo que acabe el paquete y no compré más ya que en mi caso no cumple su función.,2,2
38,80,152,997,es_0670800,"Nos engañó la foto, pensamos que eran más grandes. No son compatibles con los niños muy pequeños, se los pueden tragar.",2,2
39,87,173,986,es_0069883,"Sólo le doy 3 estrellas, porque yo me lo compré pensando que sería para varias cargas, pero en mi caso sólo hace una carga y media. Y cuando conecto 2 móviles a la vez sólo carga uno de ellos, el otro pone que también está cargando pero al cabo de un rato no ha cargado nada. Me decepcionó porque para eso me lo hubiera cogido más pequeñito y de una sóla carga real.",2,2
40,78,179,858,es_0156789,"Buen producto si lo usas para, decoración interior, los cables son muy endebles pero cumplen con su cometido",2,2
41,86,192,785,es_0608165,"Está bien pero las 3 bolitas duraron un dia, se pierden claro.el freno en un suelo de tarima no sirve de mucho con lo que vale para jugar( si conservas las bolitas) pero hasta que el niño no tenga estabilidad como para caminar sólo no sirve de mucho.No lo volveria a comprar pero ya que lo tengo escucharemos las cancioncitas jeje",2,2
42,72,195,985,es_0549065,"Funciona, pero por su precio, tendria que tener mas prestaciones.",2,2
43,100,174,984,es_0116451,"Menos mal que vi otra opinion pues le puse jabón liquido que sale en espuma de mercadona uno de melon y nada no funcionaba,lo quite y puse jabón normal y tampoco,al final funciona si pones un tercio de jabón y dos partes de agua lo agitas y entonces funciona perooo ,no tiene regulador de la cantidad de jabón como tiene otro modelo que compre aquí en amazon y ese le puse fairy en liquido y tira espuma y tiene dos posiciones de cantidad de salida y este modelo no,para quien lo valore que luego lo compre y quiera devolverlo",2,2
44,76,176,931,es_0713952,"Dice que no se rompe, pero.si se rompe",2,2
45,88,196,765,es_0749644,"El producto no llegó en el tiempo indicado, exactamente 24 días después, es lamentable que pasen estas cosas, ya no me sirve el producto para la fecha en la que ha llegado.",2,2
46,74,143,818,es_0374776,Es ligera y recomendable para niños,2,2
47,97,164,807,es_0091387,Es más pequeño de lo que parece.Pero bien,2,2
48,83,167,944,es_0682904,Están muy bien escriben bien la punta la elegí ancha por un problema que tengo en el brazo y el problema es cuando deja manchas de tinta en la hoja,2,2
49,82,141,899,es_0274320,"No trae ruedas, no de puede llegar, la tela de mancha fácilmente",2,2
50,101,139,833,es_0978089,Es bastante simple y no trae muchas cosas pero más completo que otros que he visto más caros. Para el precio está bien.,2,2
51,107,243,1140,es_0375678,"Esta bien por 40 euros, le da una nueva vida a un pc ""viejo"" pero desde que la instale de vez en cuando me sale la pantalla azul, en la carrera nos enseñaron que esto se puede deber a un fallo al leer datos, el sistema operativo falla y se va todo a la kaka, no digo que sea necesariamente por este ssd pero yo dejo ahi mi experiencia",3,3
52,134,241,1048,es_0594034,"Por sus propiedades, es un refrigerante bastante bueno, pero por ese precio creo que existen mejores refrigerantes. Lo compre porque era el que llevaba y solo tenía que rellenar. En cuanto le haga el cambio, pondré otro que me gusta más.",3,3
53,119,207,1274,es_0444396,"Esta bastante bien mis hijos están encantados, lo único es la pegatina de abajo que venían de los dos despegada, pero las hemos colado con cola contacto y están perfecto",3,3
54,131,216,1263,es_0289110,"Lo he probado poco , pero parece que está bien.",3,3
55,122,246,1041,es_0614523,Es bonita y muy cómoda. La única pega es que no puedes meterle mucho mucho peso o se empezará a descoser por la parte del asa.,3,3
56,103,235,1239,es_0800300,Buenos cuadros pero les pongo un pero y es que an venido sin cristal con lo cual hubiese preferido que aunque hubiesen sido un poco mas caros pero con cristales.,3,3
57,105,251,1078,es_0419970,todo perfecto en tiempo y producto,3,3
58,121,236,1117,es_0131358,Cumple su función aunque esperaba más.,3,3
59,117,266,1025,es_0450749,En la línea de calidad de esta marca,3,3
60,133,222,1050,es_0334758,"Es lo que he pedido, per no lo esperaba tan pequeñitos.",3,3
61,129,247,1201,es_0697326,Estable. Pero si los picos vinieran redondeados,3,3
62,115,218,1221,es_0122762,"La compré para mi mujer y le ha gustado bastante. Es muy grande, pero dormimos en una cama de 1,50m y no hemos tenido problema de espacio. La única pega que encuentra es que es baja para dormir sin almohada, si pone la almohada debajo le resulta demasiado alta. También la usa en el sofá. Los materiales son de calidad y agradables",3,3
63,135,234,1192,es_0817238,"Corresponde a la descripcion, muy bien",3,3
64,111,250,1019,es_0857804,Son ejercicios sencillos pero sirven para tener los conceptos claros,3,3
65,106,265,1145,es_0978754,Está bien pero se me suelta un poco de su enganche,3,3
66,124,220,1124,es_0795127,"Estoy totalmente satisfecha con mi compra, el artículo es tal cual la publicación, es ligera y plancha el cabello de j a manera uniforme al mismo tiempo que le da brillo, cuerpo y volumen. El único detalle (no se si sea error de fábrica o defecto en mi artículo) es que trae un pequeño falso contacto en el cable y con el movimiento de la mano al girarla para querer hacer rizos tiene a apagarse. Pero fuera de ese pequeño detalle la recomiendo. La volvería a comprar sin duda",3,3
67,127,248,1163,es_0349416,"Es poco rollo para lavarlo, porque la malla se queda un poco negrita. Pero cumple su función perfectamente",3,3
68,141,277,1661,es_0458347,"En su línea, la verdad. Acción hasta el final, mujeres apasionantes, hombres enamorados y mucha acción. La verdad es que engancha desde el principio.",4,4
69,137,310,1659,es_0736226,Teclado genial!! Tal cual se describía y además se adapta perfectamente a mi iPad.,4,4
70,152,297,1574,es_0921629,Tal cual fotos de pedido. Es perfecto y ligero,4,4
71,151,313,1537,es_0219613,Un extintor es algo que todos deberíamos tener en casa. Contento con la compra.,4,4
72,168,301,1505,es_0246025,Buenas bolsas para la envasadora al vacio. Cumplen su funcion. Si es la medida que quieres estan muy bien,4,4
73,155,324,1624,es_0543232,todo correcto. Producto igual que en la foto y de buena calidad. Tardo más de lo previsto porque no había en estoc. aparte de esto todo bien.,4,4
74,143,295,1425,es_0525019,"No me ha gustado, que con el sol se destiñe muy rápido",4,4
75,153,274,1459,es_0763921,"Es una pasada. Calidad-precio flipante. Es de los libros más chulos que vi, super completos, con anillas y recetas ideales",4,4
76,158,281,1663,es_0259864,Lo tengo hace un montón de tiempo y lo utilizo en el trabajo todos los días.. jejeje!!! Está genial!! ve viene fenomenal. A mis compañeros les gusta mucho.,4,4
77,146,273,1486,es_0597388,"Es un libro extraordinario y práctico sobre cómo enfocar nuestros pensamientos, sobre todo cuando éstos nos están haciendo daño. Me ha ayudado mucho y lo recomiendo.",4,4
78,139,290,1352,es_0320614,Después de haber probado modelos anteriores es exactamente lo que esperaba. Limpieza mucho mejor que con un cepillo convencional.,4,4
79,169,285,1426,es_0074575,"Me encanta, es muy bonito, me queda genial y de momento funciona de maravilla. Fue un poco difícil quitar los eslabones, pero al final todo bien.",4,4
80,156,326,1461,es_0925995,El tejido se llena de polvo rapido,4,4
81,160,294,1374,es_0050422,"Para los que tengas que hacer viajes de largo recorrido y les guste dormir es estupenda, totalmente recomendable su compra",4,4
82,148,312,1638,es_0370648,"buena calidad, estéticamente no son lo mas, ya que no parecen bombillas convencionales, pero an muy buena luz",4,4
83,147,284,1444,es_0314300,el problema es que amazon solo deje comprar 5 como maximo por persona,4,4
84,145,314,1437,es_0763415,Muy práctico y funcional a buen precio,4,4
